Subword,Frequency
.,11214
ham,4831
i,3018
to,2298
you,2249
",",1980
a,1970
',1879
?,1550
!,1397
the,1349
u,1232
and,982
##m,947
in,925
&,922
##s,921
is,908
me,820
##t,813
my,771
;,768
it,761
spa,749
:,745
for,713
your,685
that,628
of,628
2,625
call,621
##0,614
s,586
-,585
have,579
on,549
can,542
t,533
now,504
),499
are,497
so,478
not,448
but,448
m,445
or,439
ur,429
/,419
do,416
we,414
get,414
at,411
no,410
##7,407
be,404
if,392
will,391
with,384
just,379
4,370
##8,368
##r,355
"""",347
this,343
how,338
##£,329
up,324
##p,323
ok,320
lt,318
gt,318
don,315
free,314
##d,312
*,311
what,310
when,304
go,298
from,289
#,287
all,280
out,279
good,275
08,266
lo,266
ll,265
know,262
got,253
like,248
then,244
am,241
he,239
there,235
day,233
come,232
was,231
its,228
##9,228
##1,227
tx,224
only,221
time,221
##6,219
love,219
##g,215
text,214
send,203
##o,198
want,196
as,192
##l,186
##2,183
##k,181
r,181
today,181
n,178
one,176
mobile,175
by,175
going,173
she,173
##e,172
home,170
need,170
##a,169
about,167
stop,166
d,164
pl,164
09,162
k,161
co,160
##in,160
sorry,160
see,159
still,158
##x,157
reply,157
w,154
back,154
da,154
our,150
##z,150
hi,149
think,143
1,143
ms,143
##y,143
take,141
tell,141
##h,140
any,140
new,139
they,137
+,137
an,135
please,135
later,135
##n,134
re,134
her,134
did,133
b,133
ha,133
been,132
some,131
won,131
dear,131
##w,130
phone,130
min,129
150,127
week,126
3,125
who,124
c,123
here,123
##v,123
well,121
where,121
has,120
##4,120
##¼,120
night,120
wat,119
(,119
much,118
e,117
great,116
hope,116
oh,115
claim,114
too,114
hey,112
him,112
more,111
work,111
com,110
##12,110
yes,110
x,108
happy,108
##3,107
ask,107
had,105
ve,105
th,104
way,103
give,103
##f,102
make,102
##ing,102
po,101
fr,101
##b,101
www,100
im,99
message,98
##00,97
##15,97
should,97
number,97
say,96
5,96
right,95
##70,95
prize,94
cash,93
tomorrow,93
already,91
after,91
##u,89
amp,89
said,89
meet,88
doing,88
them,88
##i,87
really,87
yeah,87
miss,86
life,86
ya,86
why,85
babe,85
g,83
##18,81
find,81
##ha,81
##xx,81
us,80
50,80
very,80
let,79
uk,79
##5,79
morning,79
y,79
last,79
win,78
would,78
anything,77
thanks,77
nokia,77
didn,77
un,77
every,77
than,77
gu,76
also,74
care,74
pick,73
sent,73
over,72
sure,71
urgent,70
wait,70
keep,70
##100,69
something,69
wi,68
xx,68
6,68
contact,68
wan,68
again,67
10,67
buy,67
feel,66
##66,66
before,66
may,65
v,65
first,65
ring,65
##500,65
box,65
off,65
even,64
help,64
his,64
were,64
per,63
someone,63
ju,62
around,62
soon,62
tonight,62
next,62
##50,62
o,62
sms,62
nice,62
##pp,62
went,62
sleep,62
thing,62
##mo,61
could,61
which,61
tone,61
##17,60
place,60
money,60
service,60
chat,60
la,59
customer,59
gonna,59
late,59
7,59
many,59
always,58
##ed,58
ni,58
down,57
wish,57
leave,57
friends,56
hello,56
special,56
18,56
dun,55
yet,55
land,55
##œ,55
##te,55
other,55
16,54
##box,54
name,54
man,54
ai,54
things,54
told,54
try,53
yu,53
waiting,53
9,52
cs,52
fine,52
f,52
boy,52
friend,52
coming,52
##40,52
best,51
vo,51
le,51
getting,50
done,50
year,50
same,50
haven,50
guaranteed,50
people,50
##22,50
use,49
heart,49
##90,48
l,48
real,48
id,48
##ly,47
##30,47
talk,47
stuff,47
=,47
lunch,47
ah,47
house,47
ab,47
thought,47
holiday,47
god,47
##ms,46
live,46
yo,46
lot,46
##line,46
person,46
##80,46
h,45
eat,45
bit,45
class,45
never,45
di,45
smile,45
lu,45
800,45
##ne,44
st,44
being,44
job,44
better,44
draw,44
##200,44
bt,44
ill,44
dat,44
few,44
video,44
days,44
##45,43
finish,43
trying,43
meeting,43
check,43
cool,43
girl,43
shit,43
line,43
##20,43
##01,42
pay,42
end,42
long,42
##21,42
##10,42
ready,42
having,42
mind,42
enjoy,42
car,41
sp,41
play,41
##su,41
##nd,41
1st,41
receive,40
latest,40
ar,40
8,40
07,40
half,40
pa,40
guess,40
##hr,40
account,40
ex,40
sir,40
because,40
pic,40
##ng,39
’,39
month,39
look,39
sweet,39
de,39
##c,39
wanna,39
##ucher,39
chance,39
poly,39
world,38
word,38
camera,38
[UNK],38
@,38
awarded,38
nothing,38
cu,38
##39,38
mr,38
start,38
##nt,38
problem,38
##38,38
##14,38
##35,38
##34,37
##11,37
##pm,37
another,37
gr,37
nt,37
lia,37
guys,37
big,37
##ie,37
sat,37
##46,36
dinner,36
##tone,36
mob,36
bed,36
birthday,36
shows,36
##23,36
|,36
into,36
##25,36
quite,36
room,35
mu,35
baby,35
watch,35
might,35
wo,35
ever,35
##er,35
cost,34
watching,34
cr,34
##ght,34
anyway,34
##st,34
offer,34
bad,34
fuck,34
apply,33
early,33
speak,33
remember,33
left,33
does,33
weekend,33
calls,33
##42,33
hear,33
once,33
##da,33
tv,33
called,33
two,33
orange,33
den,33
sc,33
sub,33
probably,33
rate,32
fun,32
##q,32
maybe,32
forgot,32
##60,32
mail,32
reach,32
##bs,32
plan,32
shall,32
minutes,32
actually,32
princess,32
##€,32
ho,31
code,31
12,31
>,31
thank,31
##j,31
##th,31
bus,31
##am,31
part,31
between,31
put,31
must,31
##27,31
easy,31
shopping,31
hour,31
made,31
dunn,31
office,31
kiss,31
11,30
000,30
net,30
2nd,30
pro,30
little,30
bc,30
face,30
everything,30
true,30
86,30
tones,30
wife,30
dad,30
network,29
selected,29
enough,29
##36,29
##32,29
##58,29
looking,29
##va,29
hmm,29
award,29
those,29
working,29
full,29
##ts,29
town,29
entry,28
##le,28
caller,28
##xt,28
tom,28
most,28
pain,28
afternoon,28
sexy,28
without,28
missing,28
evening,28
collect,28
asked,28
texts,28
##kk,28
while,28
until,27
though,27
valid,27
doesn,27
wanted,27
since,27
came,27
wen,27
show,27
okay,27
says,27
school,27
join,27
##mas,27
important,27
##16,27
details,27
##28,26
##75,26
goes,26
update,26
hair,26
##fr,26
means,26
ma,26
##19,26
al,26
##oo,26
til,26
able,26
shop,26
wake,26
guy,26
##hs,26
bring,26
sa,26
ne,26
collection,26
times,25
870,25
aft,25
messages,25
missed,25
red,25
double,25
price,25
years,25
decimal,25
os,25
happen,25
music,25
j,25
dude,25
83,25
stay,25
mum,25
away,25
gift,25
plus,25
##gs,24
alright,24
till,24
saw,24
yesterday,24
else,24
worry,24
##ent,24
top,24
hot,24
age,24
##di,24
500,24
club,24
blue,24
book,24
weekly,24
post,24
chi,24
##33,24
bored,24
attempt,24
these,24
colour,23
words,23
date,23
yours,23
$,23
movie,23
run,23
making,23
food,23
answer,23
##ma,23
mt,23
ld,23
hurt,23
eve,23
feeling,23
opt,23
online,23
makes,23
goin,23
na,23
lei,23
question,22
100,22
20,22
national,22
tried,22
delivery,22
yourself,22
ta,22
driving,22
test,22
address,22
##ct,22
##44,22
smoke,22
##op,22
walk,22
friendship,22
games,22
##up,22
##fo,22
30,22
change,22
either,22
family,22
sun,22
dreams,22
hours,21
http,21
sm,21
mom,21
##43,21
bonus,21
trip,21
comes,21
##an,21
busy,21
order,21
believe,21
bath,21
log,21
sleeping,21
both,21
tc,21
tel,21
head,21
ev,21
calling,21
##ni,21
ten,21
beautiful,21
lose,21
game,21
together,21
kn,21
wants,21
##ta,21
ia,21
mo,21
sad,21
set,20
wa,20
tho,20
forget,20
cam,20
cong,20
##rat,20
took,20
##nds,20
sh,20
smiling,20
mean,20
old,20
##tin,20
points,20
##24,20
##ve,20
##ting,20
sw,20
leaving,20
story,20
##ee,20
##cr,20
charge,20
##ay,20
##vd,20
suite,20
row,20
huh,20
##13,20
pm,20
drink,20
email,20
saying,20
drive,20
await,20
ny,20
fa,19
final,19
brother,19
##29,19
##86,19
pounds,19
ts,19
##gh,19
news,19
finished,19
started,19
close,19
isn,19
mine,19
private,19
ba,19
lots,19
everyone,19
awesome,19
minute,19
ore,19
##tou,19
wil,19
##ss,19
##ibe,19
thinking,19
simple,19
##ry,19
80,19
##ya,19
rite,19
anyone,19
loving,19
available,18
##tu,18
second,18
ac,18
cause,18
open,18
69,18
services,18
taking,18
each,18
wit,18
touch,18
found,18
##rn,18
break,18
##es,18
angry,18
750,18
lets,18
card,18
bs,18
valentine,18
##hl,18
pi,18
##ish,18
snow,18
pub,18
drop,18
auction,18
treat,17
lesson,17
##mm,17
lucky,17
##ro,17
##co,17
search,17
hit,17
##thi,17
statement,17
##eem,17
##pire,17
quiz,17
ltd,17
##on,17
parents,17
carlos,17
worth,17
##esh,17
sis,17
rs,17
sounds,17
##gb,17
company,17
##ew,17
##win,17
choose,17
far,17
##one,17
02,17
sister,17
forward,17
pr,17
dating,17
ti,17
whatever,17
gal,17
alone,17
crazy,16
winner,16
##day,16
##cs,16
info,16
##uk,16
wonderful,16
saturday,16
decided,16
##cor,16
em,16
se,16
girls,16
##ob,16
##rs,16
##31,16
gone,16
##64,16
happened,16
inc,16
##ifier,16
dogg,16
type,16
##mt,16
hard,16
content,16
needs,16
##toy,16
##lin,16
college,16
89,16
##26,16
takes,16
anytime,16
din,16
ge,16
pp,16
##55,16
bout,16
##no,16
##de,16
welcome,16
kind,16
cum,16
visit,16
fast,16
##¦,16
vi,16
hu,16
ad,16
er,16
87,15
sunday,15
##ave,15
##der,15
su,15
used,15
##52,15
operator,15
friday,15
sony,15
player,15
bi,15
hand,15
finally,15
dar,15
25,15
secret,15
congratulations,15
hold,15
lover,15
hm,15
##vy,15
read,15
light,15
sex,15
jay,15
##lands,15
_,15
fucking,15
nope,15
outside,15
rent,15
pretty,15
sea,15
om,15
weeks,15
lovely,15
mates,15
wrong,15
least,15
party,15
chennai,15
gas,15
press,14
##ld,14
credit,14
hungry,14
confirm,14
seeing,14
telling,14
gets,14
whole,14
wu,14
cut,14
hee,14
their,14
aa,14
fancy,14
bank,14
course,14
thinks,14
case,14
meant,14
unlimited,14
ra,14
christmas,14
pete,14
gee,14
project,14
reason,14
##sto,14
ass,14
##ch,14
park,14
sava,14
offers,14
listen,14
##lp,14
##la,14
mate,14
sky,14
earlier,14
##cha,14
wasn,14
costa,14
hr,14
point,13
rc,13
valued,13
reward,13
eh,13
almost,13
pass,13
etc,13
##ply,13
compliment,13
download,13
umm,13
computer,13
felt,13
invited,13
03,13
numbers,13
del,13
82,13
tired,13
joy,13
en,13
balance,13
march,13
##oz,13
side,13
ka,13
dr,13
stupid,13
rest,13
lost,13
reading,13
ago,13
##ji,13
currently,13
motorola,13
talking,13
couple,13
phones,13
india,13
voice,13
doin,13
00,13
within,13
2003,13
04,13
happiness,13
area,13
##400,13
add,13
##aw,13
##65,13
understand,13
knew,13
support,13
wr,13
luck,13
enter,13
john,13
bb,13
father,13
nah,12
81,12
##ub,12
charged,12
mmm,12
wow,12
correct,12
song,12
##ary,12
##pl,12
wah,12
gotta,12
##49,12
loads,12
uncle,12
##48,12
sending,12
direct,12
wine,12
dream,12
hell,12
##phone,12
kate,12
semester,12
rec,12
reveal,12
laptop,12
cal,12
deep,12
##et,12
questions,12
swing,12
ends,12
##fe,12
die,12
cute,12
li,12
yoga,12
via,12
##care,12
##aa,12
met,12
seen,12
rental,12
##ons,12
##mins,12
supposed,12
##yl,12
##gr,12
ipod,12
through,12
##yo,12
gym,12
##ter,12
shu,12
darren,12
gay,12
sound,12
p,12
##to,12
##lla,12
picking,12
##zed,12
extra,12
sort,12
asa,12
##at,12
heard,12
ko,12
information,12
surprise,12
grins,12
difficult,12
##gi,11
##ff,11
##iol,11
move,11
checking,11
short,11
##41,11
il,11
##ls,11
shower,11
ave,11
tt,11
entered,11
match,11
app,11
##vable,11
pray,11
safe,11
orchard,11
study,11
exam,11
cd,11
##age,11
##wk,11
##mme,11
hands,11
own,11
somebody,11
somewhere,11
##tf,11
85,11
m2,11
##na,11
plans,11
nu,11
small,11
weed,11
##kh,11
discount,11
slow,11
mm,11
rock,11
yep,11
si,11
booked,11
asking,11
remove,11
terms,11
monday,11
ja,11
ib,11
fat,11
max,11
self,11
blood,11
clean,11
noon,11
“,11
##en,11
88,11
paper,11
sit,11
sell,11
mad,11
gi,11
store,11
wonder,11
##me,11
poor,11
hai,11
whenever,11
truth,11
feels,11
convey,11
ph,11
nobody,11
honey,11
loved,11
slowly,11
police,11
cup,10
months,10
link,10
england,10
myself,10
worried,10
knows,10
##hui,10
##ops,10
##51,10
hospital,10
reached,10
forever,10
euro,10
save,10
tickets,10
representative,10
850,10
gave,10
men,10
rates,10
##und,10
##ju,10
spend,10
##us,10
62,10
##ba,10
iv,10
ref,10
bill,10
street,10
admire,10
ke,10
leaves,10
##per,10
usual,10
toni,10
res,10
84,10
2d,10
normal,10
merry,10
immediately,10
fixed,10
1000,10
##sel,10
figure,10
ins,10
moment,10
##tooth,10
woke,10
es,10
300,10
different,10
##fi,10
water,10
near,10
less,10
children,10
hoping,10
across,10
##ah,10
warm,10
cheap,10
kids,10
##37,10
train,10
drugs,10
##ge,10
##ti,10
laugh,10
king,10
fantastic,10
##uc,10
ct,10
glad,10
##scribe,10
wishing,10
880,10
sk,10
##85,10
otherwise,10
##est,10
film,10
energy,10
##fl,10
mon,10
##tr,10
##tones,10
%,10
write,10
fact,10
##ht,10
##out,10
##lo,10
med,10
empty,10
##is,9
mel,9
copy,9
promise,9
q,9
seriously,9
sick,9
catch,9
##hh,9
decide,9
ice,9
##man,9
ip,9
##we,9
situation,9
mach,9
rain,9
sum,9
60,9
password,9
coffee,9
sign,9
va,9
weight,9
boss,9
specially,9
ending,9
buying,9
sunshine,9
##sr,9
yi,9
lazy,9
##ex,9
completely,9
staying,9
especially,9
studying,9
trust,9
using,9
deal,9
itself,9
dead,9
br,9
lessons,9
kick,9
44,9
##row,9
goodnight,9
ran,9
disturb,9
credits,9
worries,9
ol,9
##uth,9
unless,9
accept,9
##the,9
##uz,9
access,9
round,9
air,9
brings,9
##ab,9
##pt,9
che,9
none,9
starts,9
logo,9
##56,9
##dy,9
365,9
tough,9
##ic,9
kinda,9
loan,9
##re,9
fight,9
silent,9
40,9
wed,9
##ree,9
aunt,9
pc,9
starting,9
##or,9
seems,9
eyes,9
possible,9
summer,9
dog,9
##able,9
norm,9
ain,9
ones,9
charity,9
tampa,9
user,9
mid,9
##by,9
against,9
doctor,9
black,9
##go,9
mode,9
wondering,9
others,9
cover,9
##mp,9
reaching,9
##ks,9
moral,9
excellent,9
sol,9
sitting,9
flag,9
colleagues,9
sofa,9
request,8
entitled,8
anymore,8
##cl,8
mark,8
pizza,8
cheers,8
quick,8
roommate,8
nigeria,8
acc,8
cinema,8
ga,8
tr,8
kan,8
stand,8
spent,8
pleasure,8
trouble,8
hurts,8
loves,8
planning,8
4th,8
wishes,8
weekends,8
apartment,8
paying,8
2004,8
dvd,8
sometimes,8
##ce,8
experience,8
joined,8
however,8
kerala,8
slept,8
##54,8
road,8
flirt,8
tn,8
##mx,8
horn,8
rose,8
def,8
ic,8
jo,8
cl,8
power,8
##han,8
cake,8
interested,8
sha,8
mis,8
fault,8
cc,8
reference,8
mistake,8
facebook,8
yahoo,8
303,8
funny,8
giving,8
thru,8
style,8
opinion,8
member,8
single,8
fingers,8
pan,8
daddy,8
door,8
##zzi,8
pound,8
raj,8
28,8
future,8
alex,8
longer,8
matches,8
tuesday,8
under,8
bedroom,8
bold,8
weird,8
idea,8
##boy,8
library,8
##more,8
space,8
slave,8
##sh,8
dl,8
boo,8
##yr,8
##nn,8
sip,8
cm,8
moon,8
##ate,8
mother,8
training,8
##cal,8
sale,8
registered,8
medical,8
miracle,8
during,8
tu,8
ki,8
movies,8
digital,8
##inn,8
awaiting,8
cancel,8
mit,8
complete,8
mor,8
picked,8
##po,8
##wa,8
list,8
##ens,8
##vn,8
##al,8
##vr,8
06,8
##ke,8
south,8
##ga,8
bro,8
buzz,8
inside,8
sl,8
eng,8
wednesday,8
##nk,8
mood,8
##uts,8
##gt,8
bug,7
ci,7
darling,7
##nu,7
##and,7
fu,7
##mobile,7
click,7
naughty,7
team,7
sucks,7
tea,7
eating,7
learn,7
ahead,7
kept,7
##yi,7
liked,7
##ra,7
joke,7
following,7
el,7
changed,7
page,7
78,7
bother,7
ap,7
country,7
ec,7
persons,7
become,7
internet,7
menu,7
waste,7
hop,7
towards,7
47,7
bucks,7
##sson,7
past,7
sen,7
appreciate,7
##hu,7
battery,7
sam,7
##llis,7
fix,7
showing,7
##tto,7
##ps,7
naked,7
quality,7
bf,7
definitely,7
sense,7
sim,7
loyalty,7
high,7
imagine,7
##ful,7
##ds,7
##ck,7
aren,7
##os,7
advance,7
kb,7
track,7
return,7
##be,7
insurance,7
tis,7
maximize,7
cold,7
z,7
happening,7
##ire,7
##um,7
ji,7
lift,7
lac,7
ticket,7
##bee,7
##pe,7
##ey,7
##ers,7
##uf,7
notice,7
##eri,7
8th,7
sec,7
depends,7
##ice,7
ku,7
mp3,7
cha,7
pin,7
24,7
malaria,7
##ion,7
married,7
rather,7
hotel,7
hurry,7
marriage,7
present,7
weather,7
paid,7
##bu,7
fetch,7
awake,7
torch,7
looks,7
##tion,7
##iv,7
running,7
##claim,7
damn,7
05,7
random,7
bag,7
bid,7
model,7
sur,7
midnight,7
##tar,7
january,7
##her,7
photo,7
recently,7
heavy,7
nat,7
##oa,7
yun,7
ru,7
##ix,7
##orro,7
onto,7
dh,7
station,7
tuition,7
delivered,7
strong,7
doc,7
cell,7
##rite,7
chill,7
132,7
croydon,7
walking,7
meaning,7
players,7
share,7
except,7
arrive,7
prefer,7
instead,7
sight,7
holding,7
excuse,7
##my,7
including,7
##ut,7
tear,7
worse,7
murdered,7
maid,7
murderer,7
happens,7
behind,7
feb,7
planned,7
joking,6
##int,6
##tam,6
440,6
wet,6
##ox,6
##pa,6
subscription,6
timing,6
tyler,6
usually,6
##pr,6
star,6
pleased,6
review,6
##gn,6
##tro,6
simply,6
52,6
flights,6
informed,6
directly,6
standard,6
replied,6
local,6
qatar,6
arrange,6
inviting,6
turns,6
spoke,6
bye,6
personal,6
##ster,6
straight,6
nights,6
system,6
partner,6
died,6
pen,6
##ar,6
website,6
##ft,6
childish,6
affection,6
ended,6
sunny,6
anybody,6
ed,6
##mb,6
sport,6
##art,6
bel,6
##ov,6
gb,6
##ot,6
report,6
##text,6
posted,6
willing,6
pt,6
##ca,6
body,6
relax,6
##lates,6
putting,6
##ies,6
competition,6
##ana,6
vr,6
vary,6
group,6
jen,6
transfer,6
gives,6
flat,6
##ja,6
moan,6
activate,6
character,6
jam,6
##cos,6
campus,6
lady,6
##ur,6
web,6
confidence,6
##bi,6
barely,6
scream,6
sr,6
announcement,6
54,6
indian,6
ladies,6
daily,6
holder,6
listening,6
bet,6
drug,6
earth,6
envelope,6
##ns,6
<,6
law,6
gap,6
##hy,6
alert,6
students,6
##bc,6
##wc,6
fl,6
exactly,6
##ri,6
##si,6
pre,6
city,6
closed,6
beer,6
##lly,6
couldn,6
##phonic,6
woo,6
##king,6
##sp,6
teasing,6
ze,6
brain,6
green,6
surely,6
five,6
soo,6
matter,6
version,6
fall,6
##sol,6
murder,6
##ag,6
due,6
teach,6
ate,6
wherever,6
vomit,6
expensive,6
photos,6
brand,6
contract,6
fan,6
asleep,6
gm,6
serious,6
april,6
flower,6
##ken,6
process,6
works,6
bitch,6
regards,6
##hip,6
##yah,6
te,6
sar,6
raining,6
##kin,6
##ol,6
0,6
”,6
##em,6
tour,6
lion,6
super,6
marry,6
problems,6
fantasies,6
##el,6
##ll,6
##get,6
cafe,6
bought,6
##fu,6
##he,6
nature,6
keeping,6
screaming,6
72,6
london,6
rd,6
boys,6
arcade,6
created,6
exciting,6
##oh,6
ps,6
stockport,6
ye,6
brilliant,6
theatre,6
kid,6
##nal,6
ahmad,6
official,6
armand,6
shi,6
role,6
checked,6
added,6
pussy,6
budget,6
key,6
mag,6
plenty,6
amazing,6
cancer,6
tariffs,6
tick,6
##urs,6
mn,6
searching,5
##bl,5
stock,5
egg,5
child,5
hopefully,5
weak,5
ride,5
##bara,5
##war,5
plane,5
respect,5
530,5
fm,5
boston,5
truly,5
scared,5
cabin,5
45,5
quoting,5
hasn,5
shouldn,5
##olo,5
##rrow,5
laid,5
locations,5
31,5
##mail,5
rooms,5
##for,5
begin,5
##rl,5
shirt,5
##ment,5
boot,5
43,5
discuss,5
##you,5
prep,5
transaction,5
cannot,5
connection,5
atm,5
romantic,5
argument,5
wins,5
##59,5
slip,5
##min,5
3d,5
01,5
singles,5
rays,5
throw,5
##ye,5
##lu,5
bu,5
##end,5
cry,5
21,5
selection,5
smart,5
##nga,5
december,5
surfing,5
basically,5
allah,5
##sco,5
##eric,5
sighs,5
guide,5
lick,5
intro,5
current,5
pictures,5
##chi,5
yan,5
contacted,5
hostel,5
respond,5
wc,5
dollars,5
##ul,5
sac,5
woman,5
dona,5
##53,5
charges,5
##ny,5
conditions,5
dry,5
fighting,5
##cu,5
##lt,5
fish,5
west,5
village,5
mono,5
##gg,5
returns,5
quote,5
english,5
sugar,5
smiles,5
quit,5
jazz,5
##san,5
ag,5
##47,5
stopped,5
##id,5
somethin,5
results,5
ce,5
drinks,5
##code,5
express,5
bright,5
thursday,5
cartoon,5
gentle,5
belly,5
pig,5
freak,5
lonely,5
imp,5
##ore,5
cn,5
stress,5
je,5
twice,5
opportunity,5
sing,5
living,5
##pol,5
jan,5
##ho,5
##mar,5
##ae,5
ages,5
count,5
playing,5
vip,5
cds,5
records,5
birds,5
travel,5
stops,5
lead,5
derek,5
greet,5
white,5
cheaper,5
##ous,5
pissed,5
diet,5
wear,5
places,5
site,5
boring,5
salary,5
##phones,5
java,5
##ph,5
dropped,5
61,5
butt,5
jesus,5
##tor,5
3rd,5
revealed,5
##se,5
vijay,5
##wy,5
receipt,5
interesting,5
italian,5
speed,5
adult,5
oz,5
horrible,5
nw,5
jordan,5
##so,5
ben,5
choice,5
##time,5
##com,5
dan,5
chinese,5
##vin,5
cbe,5
birth,5
fran,5
broke,5
gold,5
original,5
##ev,5
##har,5
arrested,5
##load,5
liner,5
##ental,5
##lk,5
##li,5
vote,5
tells,5
totally,5
exams,5
everybody,5
rum,5
##hp,5
google,5
centre,5
##oke,5
airport,5
costs,5
blank,5
##tha,5
eerie,5
waking,5
##ad,5
##tel,5
hook,5
bin,5
##free,5
social,5
selling,5
bun,5
tak,5
hate,5
season,5
[,5
],5
lou,5
##sy,5
hip,5
obviously,5
boost,5
##it,5
##fer,5
inclusive,5
looked,5
expecting,5
av,5
unable,5
remind,5
whether,5
##ook,5
fantasy,5
cars,5
deliver,5
amount,5
advice,5
issues,5
hon,5
ignore,5
##ition,5
foot,5
prove,5
ee,5
ot,5
wouldn,5
relation,5
asks,5
351,5
##tom,5
common,5
santa,5
##kt,4
lives,4
tb,4
ch,4
##ung,4
six,4
875,4
membership,4
##pot,4
breathe,4
##il,4
ff,4
sooner,4
turn,4
letter,4
inches,4
##ssed,4
##omo,4
seemed,4
mall,4
series,4
iq,4
##dis,4
coins,4
verify,4
mk,4
450,4
appointment,4
legal,4
nyc,4
considering,4
jokes,4
research,4
needed,4
##red,4
##date,4
##gar,4
tyrone,4
largest,4
activities,4
biggest,4
##coll,4
deleted,4
##du,4
interview,4
bang,4
escape,4
bloody,4
mane,4
mummy,4
145,4
radio,4
unique,4
##que,4
settled,4
##aid,4
shoot,4
files,4
career,4
followed,4
teaches,4
cross,4
closer,4
theory,4
argue,4
sports,4
##pers,4
bat,4
##ak,4
##ums,4
expect,4
bay,4
passed,4
##old,4
var,4
##un,4
##ku,4
##zy,4
accidentally,4
meal,4
##tz,4
dates,4
hanging,4
fit,4
books,4
##vb,4
enemy,4
afraid,4
kisses,4
practice,4
further,4
##bo,4
follow,4
sometime,4
##xa,4
cream,4
tree,4
fifteen,4
journey,4
##hin,4
gorgeous,4
purpose,4
tenants,4
refused,4
intelligent,4
result,4
reasons,4
receiving,4
5000,4
cw,4
center,4
bringing,4
mature,4
nos,4
rude,4
mas,4
##ete,4
pg,4
passionate,4
monthly,4
losing,4
##lok,4
ali,4
cock,4
three,4
##less,4
milk,4
essential,4
lab,4
##unt,4
grand,4
pie,4
paris,4
answers,4
que,4
often,4
uncles,4
leon,4
bud,4
##ddy,4
48,4
taken,4
temple,4
church,4
##mes,4
prepare,4
nan,4
seem,4
explain,4
sd,4
map,4
purchase,4
height,4
upset,4
assume,4
##im,4
##om,4
##ze,4
faster,4
spoken,4
ski,4
##gm,4
apparently,4
drunk,4
perfect,4
enjoyed,4
dictionary,4
##top,4
stars,4
ache,4
220,4
profit,4
##iza,4
meanwhile,4
##bt,4
careful,4
rt,4
saved,4
played,4
wanting,4
mac,4
##vo,4
##zz,4
addicted,4
##ging,4
\,4
attend,4
magical,4
term,4
fever,4
hp,4
##rin,4
114,4
14,4
gravity,4
carefully,4
bowl,4
decision,4
15,4
chicken,4
eight,4
sore,4
##as,4
regret,4
throat,4
lecture,4
raise,4
fool,4
june,4
bell,4
technical,4
##ty,4
##wu,4
bathing,4
dem,4
clock,4
math,4
##yar,4
wearing,4
rally,4
luc,4
##oza,4
hang,4
shame,4
credited,4
understanding,4
arms,4
wal,4
easier,4
ro,4
anti,4
##run,4
songs,4
##ala,4
exact,4
cheer,4
ir,4
favour,4
ipad,4
idiot,4
february,4
rush,4
blackberry,4
fill,4
bar,4
gently,4
##val,4
##ted,4
##ware,4
##hg,4
inter,4
##pod,4
pod,4
heads,4
hall,4
##gu,4
wonders,4
7th,4
6th,4
5th,4
personality,4
purity,4
total,4
along,4
file,4
shortly,4
ron,4
##jhl,4
rae,4
##yn,4
jia,4
bis,4
##ably,4
pack,4
##of,4
whom,4
laughing,4
250,4
title,4
##fa,4
brought,4
surprised,4
comedy,4
##nl,4
##rc,4
action,4
dub,4
remain,4
received,4
##aya,4
ordered,4
##ace,4
queen,4
connect,4
bahamas,4
carry,4
schedule,4
settings,4
atlanta,4
fills,4
gaps,4
trans,4
answering,4
jess,4
dirty,4
package,4
##ml,4
##eed,4
nearly,4
masters,4
cook,4
cleaning,4
cat,4
##back,4
boat,4
##script,4
lie,4
mca,4
yer,4
art,4
auto,4
feet,4
pages,4
##ever,4
letters,4
football,4
para,4
##pon,4
##kka,4
##gam,4
roger,4
solve,4
cooking,4
indians,4
##ora,4
##ling,4
greeting,4
released,4
##iest,4
spending,4
response,4
sept,4
public,4
govt,4
dare,4
teeth,4
handle,4
note,4
porn,4
wall,4
celebrate,4
hill,4
200,4
hug,4
wylie,4
basic,4
##fin,4
wedding,4
outta,4
fi,4
bloomberg,4
inform,4
captain,4
fore,4
texted,4
##xy,4
26,4
born,4
taunton,4
loss,4
76,4
step,4
21st,3
2005,3
##over,3
##nami,3
nur,3
vet,3
jack,3
db,3
spell,3
wales,3
scotland,3
fry,3
clear,3
act,3
caught,3
fear,3
xu,3
invite,3
ste,3
##mmy,3
fair,3
gram,3
runs,3
realized,3
##tv,3
##wat,3
matrix,3
burger,3
dresser,3
advise,3
recent,3
valuable,3
##av,3
##gl,3
gentleman,3
dignity,3
shy,3
requests,3
sheets,3
lid,3
collected,3
mix,3
92,3
four,3
loud,3
sentence,3
tor,3
##wr,3
predict,3
##gis,3
lucy,3
hardcore,3
##ime,3
dot,3
staff,3
female,3
sin,3
soft,3
floor,3
##lio,3
##bes,3
spanish,3
~,3
satisfied,3
toll,3
finishes,3
august,3
suggest,3
successfully,3
eric,3
register,3
fly,3
teacher,3
loses,3
touched,3
innings,3
125,3
##jit,3
##pd,3
deer,3
##aj,3
shipping,3
networks,3
parked,3
mini,3
##tm,3
flash,3
jealous,3
sorting,3
genuine,3
##cent,3
handed,3
upgrade,3
tease,3
scary,3
newest,3
gossip,3
garage,3
keys,3
##hel,3
##fp,3
##nr,3
##life,3
flight,3
record,3
women,3
germany,3
supervisor,3
lifetime,3
favourite,3
bless,3
stranger,3
cleared,3
##ming,3
##ved,3
slap,3
alcohol,3
remembered,3
alive,3
##port,3
recognise,3
tests,3
##vu,3
##mont,3
##sd,3
shut,3
period,3
business,3
picture,3
sal,3
field,3
quickly,3
##hat,3
stone,3
skip,3
blah,3
##sk,3
goal,3
names,3
ads,3
irritating,3
bmw,3
urgently,3
shortage,3
source,3
sho,3
io,3
##uri,3
##own,3
previously,3
1956,3
wave,3
##ring,3
##dc,3
july,3
railway,3
roads,3
dave,3
banks,3
wise,3
mc,3
123,3
fees,3
booking,3
behave,3
elsewhere,3
97,3
##qu,3
##rup,3
##con,3
##ock,3
##din,3
generally,3
likely,3
mei,3
brown,3
##ky,3
american,3
dick,3
snake,3
bite,3
headache,3
2000,3
lines,3
exhausted,3
tsunami,3
swimming,3
##ai,3
nichols,3
market,3
pop,3
seven,3
thanksgiving,3
panic,3
peace,3
##dance,3
##oper,3
##ator,3
building,3
cher,3
accordingly,3
farm,3
140,3
gp,3
##dra,3
##vary,3
##dar,3
low,3
##sc,3
shouted,3
shorter,3
930,3
realize,3
lip,3
spare,3
##bre,3
anywhere,3
community,3
bei,3
pieces,3
##lov,3
##oki,3
hint,3
##son,3
responding,3
##pu,3
##cci,3
alf,3
given,3
successful,3
##ash,3
xavier,3
seconds,3
stomach,3
##je,3
returned,3
lately,3
supply,3
virgin,3
walls,3
champ,3
##ddle,3
nap,3
##sil,3
cast,3
liverpool,3
reminder,3
failed,3
nut,3
outstanding,3
taylor,3
male,3
ow,3
moments,3
tons,3
##pal,3
filthy,3
bo,3
potential,3
talent,3
67,3
terrible,3
prey,3
##cies,3
##cm,3
foreign,3
stamps,3
speechless,3
roast,3
concentrate,3
chatting,3
walked,3
840,3
networking,3
##ise,3
juicy,3
parc,3
sorrow,3
planet,3
##oni,3
ground,3
catching,3
falls,3
pee,3
##uld,3
bigger,3
islands,3
flip,3
##pin,3
pocket,3
##mart,3
score,3
##year,3
apps,3
various,3
##qui,3
##rd,3
rang,3
sorted,3
executive,3
##cut,3
jane,3
##rita,3
##tes,3
##acker,3
software,3
videos,3
##ws,3
harry,3
among,3
cares,3
##rst,3
chain,3
##tec,3
messenger,3
screen,3
shot,3
storm,3
margaret,3
##mbe,3
popped,3
chin,3
caring,3
kai,3
##ez,3
option,3
arsenal,3
painful,3
int,3
guilty,3
cardiff,3
certainly,3
##ini,3
claire,3
##ow,3
twelve,3
hub,3
blake,3
kara,3
format,3
##ving,3
##sa,3
prospects,3
buff,3
##gger,3
gang,3
tablets,3
finishing,3
doors,3
##ina,3
pu,3
chasing,3
force,3
fire,3
blame,3
blessings,3
##iti,3
##nad,3
tome,3
freezing,3
batch,3
winning,3
titles,3
##ams,3
##cis,3
switch,3
##via,3
ideas,3
maintain,3
##amps,3
likes,3
dislike,3
des,3
##para,3
promises,3
mi,3
album,3
121,3
standing,3
james,3
ala,3
##mi,3
chosen,3
29,3
cruise,3
##tc,3
con,3
##act,3
stuck,3
regarding,3
##ig,3
arun,3
philosophy,3
prizes,3
eye,3
820,3
fake,3
310,3
sq,3
husband,3
tooth,3
##pro,3
mat,3
bra,3
##hima,3
beyond,3
uh,3
table,3
ike,3
kade,3
avatar,3
constantly,3
##ale,3
laughed,3
crack,3
proof,3
provided,3
downloads,3
members,3
major,3
rule,3
##ia,3
##rge,3
natural,3
onwards,3
skill,3
##game,3
##pper,3
eggs,3
##les,3
bread,3
##aq,3
pink,3
##low,3
##well,3
normally,3
rich,3
jason,3
##ara,3
113,3
manage,3
tess,3
favor,3
##jas,3
china,3
beg,3
##phine,3
kindly,3
miles,3
##ble,3
pending,3
legs,3
distance,3
##ive,3
display,3
soup,3
management,3
include,3
regular,3
prem,3
threats,3
lounge,3
##rm,3
900,3
cornwall,3
bags,3
##with,3
nas,3
mil,3
##ind,3
aw,3
##coming,3
##wd,3
halloween,3
issue,3
measure,3
props,3
instantly,3
drinking,3
impossible,3
##rg,3
vodka,3
##az,3
##has,3
kay,3
questioned,3
gardener,3
vegetables,3
neighbour,3
science,3
push,3
madam,3
settle,3
citizen,3
dai,3
medicine,3
incident,3
violence,3
instructions,3
tim,3
death,3
##thing,3
reality,3
usc,3
lil,3
remains,3
bros,3
##omp,3
sara,3
shirts,3
petrol,3
luxury,3
middle,3
dark,3
contents,3
##™,3
##mis,3
tall,3
strike,3
moved,3
seat,3
swat,3
dress,3
collecting,3
##ake,3
gary,3
history,3
hog,3
##boot,3
understood,3
bottom,3
400,3
crab,3
footprints,3
changes,3
##dt,3
blow,3
knowing,3
challenge,3
randomly,3
tape,3
films,3
##vs,3
praying,3
77,3
##ile,3
smoking,3
##vir,3
billed,3
student,3
##ents,3
##ien,3
accident,3
wisdom,3
##break,3
symbol,3
–,3
shah,3
confirmed,3
##sack,3
audition,3
fell,3
##hil,3
eaten,3
possession,3
concert,3
37,3
affairs,3
##kan,3
heat,3
##lines,3
dial,3
university,3
california,3
##ries,3
value,3
blur,3
previous,3
ds,3
parking,3
customers,3
##©,3
warner,3
##paper,3
bottle,3
buffet,2
chances,2
lc,2
##lf,2
blessing,2
##vie,2
goals,2
slice,2
convincing,2
sarcastic,2
spoil,2
rod,2
##ger,2
burns,2
##isation,2
sucker,2
hospitals,2
eighth,2
cave,2
detroit,2
hockey,2
##ika,2
odi,2
killing,2
dedicated,2
##dicate,2
##rac,2
3a,2
divorce,2
earn,2
jacket,2
multi,2
pour,2
169,2
usher,2
britney,2
telugu,2
loans,2
##dre,2
animation,2
location,2
noun,2
gen,2
potato,2
##till,2
75,2
350,2
404,2
pouch,2
occupy,2
hearts,2
randy,2
flowing,2
plaza,2
everywhere,2
dirt,2
windows,2
mouth,2
ann,2
##yde,2
module,2
avoid,2
beloved,2
form,2
clark,2
utter,2
hopes,2
handsome,2
completed,2
stays,2
##ille,2
##ci,2
##rcle,2
heading,2
installing,2
repair,2
##yad,2
conducts,2
printed,2
upstairs,2
##ssee,2
shining,2
signing,2
although,2
commercial,2
necessarily,2
jolt,2
suzy,2
##wt,2
chart,2
rob,2
tool,2
##uis,2
jenny,2
36,2
28th,2
grave,2
shocking,2
crash,2
taxi,2
actor,2
blind,2
hide,2
thread,2
funky,2
buses,2
bristol,2
##por,2
violated,2
privacy,2
paperwork,2
caroline,2
hui,2
apes,2
tay,2
##see,2
unemployed,2
audrey,2
status,2
##ddling,2
agree,2
##57,2
##asa,2
ri,2
##lation,2
94,2
lap,2
##ley,2
sharing,2
grace,2
administrator,2
##pw,2
shipped,2
##chee,2
burning,2
slightly,2
##eto,2
iron,2
adam,2
speaking,2
expression,2
apple,2
cricketer,2
monkey,2
##urse,2
improve,2
##fles,2
amy,2
decisions,2
coping,2
individual,2
153,2
26th,2
position,2
language,2
screamed,2
removed,2
differ,2
broken,2
##front,2
tension,2
taste,2
trade,2
accent,2
hyde,2
anthony,2
##rou,2
##nge,2
ak,2
forgiven,2
##ue,2
slide,2
renewal,2
##rz,2
transport,2
definite,2
unconscious,2
##bay,2
channel,2
ban,2
##stor,2
##cript,2
develop,2
ability,2
recovery,2
cutting,2
reminding,2
owns,2
##ggy,2
demand,2
loose,2
perhaps,2
uv,2
##ggles,2
claims,2
dancing,2
hardly,2
##sl,2
promo,2
42,2
##ant,2
##clusive,2
##ais,2
##water,2
22,2
suits,2
shock,2
reaction,2
grow,2
useful,2
officially,2
hundred,2
##off,2
sweetheart,2
bio,2
effects,2
wee,2
trains,2
jolly,2
405,2
son,2
wesley,2
dealer,2
impatient,2
river,2
premium,2
lays,2
rep,2
posts,2
##gy,2
yelling,2
##py,2
sue,2
cochin,2
deck,2
aeronautics,2
professors,2
aero,2
##plane,2
hurried,2
dorm,2
050,2
cookies,2
admit,2
correction,2
##ito,2
spring,2
attached,2
thousands,2
premier,2
confused,2
faith,2
acting,2
grandma,2
schools,2
inch,2
weasel,2
begging,2
opening,2
pole,2
fond,2
##ath,2
##are,2
nic,2
php,2
nervous,2
borrow,2
shin,2
galileo,2
##bby,2
##jo,2
##eak,2
##lot,2
cap,2
##bio,2
rv,2
##ped,2
ultimatum,2
abu,2
##ider,2
recession,2
hence,2
warning,2
shoes,2
##elin,2
worlds,2
discreet,2
spoon,2
named,2
genius,2
connections,2
mystery,2
approx,2
consider,2
peaceful,2
41,2
##lea,2
downloaded,2
##rf,2
##lee,2
ear,2
massage,2
oil,2
permission,2
usb,2
gibbs,2
unbelievable,2
superb,2
several,2
worst,2
charles,2
stereo,2
##ines,2
stores,2
peak,2
##use,2
sweets,2
chip,2
ashley,2
ava,2
##late,2
blog,2
##mill,2
lux,2
jeans,2
scores,2
##pha,2
application,2
og,2
simpler,2
necklace,2
apt,2
racing,2
rice,2
closes,2
crap,2
bog,2
chocolate,2
reckon,2
65,2
66,2
tech,2
##¨,2
blessed,2
quiet,2
helen,2
sy,2
##bus,2
##yya,2
##lat,2
meat,2
lovers,2
drove,2
anniversary,2
secretly,2
##ess,2
pattern,2
sheffield,2
nanny,2
zoe,2
setting,2
filling,2
sufficient,2
edison,2
viva,2
##ten,2
educational,2
flirting,2
kickoff,2
sells,2
thesis,2
##nor,2
sends,2
deciding,2
eastenders,2
compare,2
herself,2
violet,2
##lip,2
lily,2
prepared,2
##par,2
dentist,2
obe,2
ami,2
##cc,2
##kki,2
thoughts,2
breath,2
##azi,2
##ove,2
singing,2
curry,2
##ki,2
warrant,2
99,2
depressed,2
wind,2
rocks,2
durban,2
survey,2
difficulties,2
##cho,2
tank,2
silently,2
packs,2
annoying,2
popcorn,2
thin,2
fed,2
##ef,2
##icia,2
appreciated,2
semi,2
apart,2
##ap,2
creepy,2
invest,2
delay,2
accommodation,2
purse,2
##not,2
##ness,2
europe,2
##bed,2
jd,2
accounts,2
downs,2
##ial,2
leaf,2
##wana,2
tee,2
dough,2
control,2
jerry,2
fails,2
wheel,2
##cker,2
garbage,2
items,2
##ound,2
logos,2
lions,2
colours,2
potter,2
phoenix,2
readers,2
canada,2
patty,2
interest,2
tie,2
george,2
soul,2
##sms,2
ned,2
hurting,2
main,2
sweetie,2
4a,2
und,2
##hn,2
dance,2
bears,2
nick,2
juan,2
ideal,2
path,2
front,2
arm,2
##ough,2
effect,2
bk,2
##ged,2
kidding,2
stretch,2
##ici,2
##bank,2
fraud,2
disclose,2
practicing,2
babies,2
non,2
beneath,2
pale,2
silver,2
silence,2
revision,2
exeter,2
##hee,2
whose,2
condition,2
tre,2
coat,2
fresh,2
restaurant,2
desperate,2
##mer,2
monkeys,2
practical,2
costing,2
##lr,2
program,2
##ins,2
modules,2
brows,2
testing,2
sarcasm,2
forum,2
unfortunately,2
##rey,2
##lle,2
##uo,2
joining,2
finance,2
filled,2
shan,2
rhythm,2
adventure,2
##our,2
kala,2
boyfriend,2
##ist,2
driver,2
kicks,2
dime,2
falling,2
##eon,2
flame,2
propose,2
gods,2
##wo,2
dipped,2
##hic,2
##urne,2
gifted,2
##ands,2
cy,2
confuse,2
british,2
hotels,2
##orin,2
dracula,2
ghost,2
munster,2
twilight,2
constant,2
cared,2
allow,2
event,2
##tri,2
partnership,2
##ine,2
mostly,2
compromised,2
##nin,2
poker,2
##los,2
pri,2
messy,2
##db,2
traffic,2
moves,2
keeps,2
gotten,2
unknown,2
vu,2
2007,2
stick,2
indeed,2
jon,2
‘,2
rents,2
##anga,2
##ip,2
easter,2
telephone,2
calm,2
##ac,2
becomes,2
habit,2
chuck,2
contacts,2
##dan,2
323,2
invaders,2
console,2
##ried,2
##tell,2
foley,2
##awa,2
combine,2
bam,2
mw,2
joanna,2
replacement,2
laundry,2
underwear,2
pushes,2
banned,2
avoiding,2
326,2
build,2
##ball,2
fights,2
prescription,2
electricity,2
nor,2
fuji,2
##tsu,2
##book,2
##oy,2
prompt,2
##od,2
disturbing,2
mina,2
flies,2
woken,2
aka,2
delhi,2
held,2
fringe,2
distract,2
ant,2
##rr,2
responsibility,2
##sg,2
affair,2
ao,2
##yk,2
color,2
gender,2
23,2
##yt,2
##mind,2
##ok,2
##wan,2
##ach,2
##dr,2
vomiting,2
rub,2
clever,2
stamped,2
bray,2
ryan,2
spot,2
diamonds,2
27,2
sacrifice,2
satisfy,2
killed,2
smashed,2
##ick,2
##iting,2
##tter,2
##oc,2
##tp,2
grown,2
bee,2
specific,2
figures,2
ob,2
nam,2
cousin,2
excuses,2
neck,2
continue,2
holy,2
col,2
billion,2
classes,2
turning,2
slots,2
discussed,2
##mit,2
##rro,2
spoiled,2
sales,2
complaint,2
##ler,2
comfort,2
splash,2
##gged,2
700,2
waited,2
huge,2
annie,2
218,2
messaging,2
retrieve,2
nothin,2
poem,2
duchess,2
pe,2
soc,2
staring,2
##ces,2
##sari,2
buddy,2
possessive,2
##ari,2
##fication,2
weigh,2
active,2
scoring,2
expired,2
opinions,2
##ib,2
threw,2
apr,2
dt,2
truck,2
speeding,2
thy,2
lived,2
happily,2
##gon,2
bluff,2
##mate,2
piece,2
##ske,2
brandy,2
gin,2
scotch,2
sham,2
##ras,2
kg,2
dumb,2
dressed,2
kills,2
nasty,2
wasted,2
christ,2
tears,2
answered,2
wrote,2
swiss,2
crore,2
tax,2
jobs,2
lane,2
politicians,2
rights,2
##nts,2
tri,2
properly,2
630,2
furniture,2
lock,2
shoving,2
papers,2
strange,2
##ep,2
indy,2
##aro,2
##cks,2
resume,2
bids,2
relatives,2
benefits,2
environment,2
terrific,2
snap,2
superior,2
##sf,2
ruin,2
tar,2
department,2
conform,2
##sts,2
##ping,2
##shi,2
##ome,2
knock,2
innocent,2
mental,2
hoped,2
bills,2
treated,2
battle,2
arts,2
secretary,2
dollar,2
pull,2
amongst,2
##die,2
northampton,2
serving,2
##fly,2
smith,2
anna,2
nagar,2
der,2
120,2
neither,2
hugs,2
fastest,2
growing,2
chase,2
steam,2
reg,2
tun,2
canary,2
sleepy,2
##wal,2
onion,2
abuse,2
lower,2
cola,2
exhaust,2
success,2
ua,2
af,2
division,2
creep,2
lies,2
property,2
##mple,2
##iii,2
yellow,2
frog,2
doubt,2
japanese,2
##rb,2
coin,2
freedom,2
twenty,2
painting,2
hari,2
nowadays,2
talks,2
gan,2
trips,2
solved,2
##sw,2
ing,2
sake,2
bruce,2
teaching,2
chest,2
covers,2
brief,2
ik,2
##cy,2
improved,2
salon,2
sank,2
das,2
evenings,2
payment,2
shore,2
waves,2
clearing,2
##wn,2
range,2
topic,2
visions,2
##ros,2
meets,2
penis,2
sigh,2
vt,2
##ru,2
window,2
##wood,2
mara,2
removal,2
cancelled,2
mention,2
##alla,2
##sti,2
##lli,2
##vet,2
tex,2
##side,2
plum,2
wren,2
size,2
nr,2
tight,2
everyday,2
curious,2
##card,2
mahal,2
ding,2
tai,2
allowed,2
necessary,2
shared,2
sway,2
tap,2
broad,2
canal,2
edge,2
east,2
howard,2
cooked,2
cheat,2
block,2
swan,2
ruining,2
##sit,2
han,2
##uman,2
##rang,2
easily,2
selfish,2
##iff,2
custom,2
##yin,2
forgotten,2
reverse,2
cheating,2
mathematics,2
minimum,2
elaine,2
drunken,2
mess,2
##now,2
crisis,2
mb,2
carl,2
##hom,2
##hua,2
##aha,2
desires,2
##do,2
##ation,2
103,2
careers,2
priscilla,2
kent,2
vale,2
##mpt,2
prince,2
granite,2
explosive,2
ep,2
base,2
placement,2
dev,2
##ouring,2
processed,2
420,2
jaya,2
forums,2
##jah,2
incredible,2
ship,2
maturity,2
##rt,2
kit,2
causing,2
##kar,2
xi,2
difference,2
##boarding,2
despite,2
##oop,2
lang,2
mistakes,2
vegas,2
pool,2
##night,2
##ity,2
disco,2
##nne,2
terrorist,2
verified,2
cnn,2
ibn,2
##ouse,2
ou,2
stayed,2
blonde,2
##rem,2
stones,2
atlas,2
desert,2
funk,2
funeral,2
protect,2
sensitive,2
blu,2
bird,2
cheese,2
wide,2
index,2
gail,2
hs,2
melt,2
juliana,2
eta,2
##mbo,2
##wives,2
ray,2
thou,2
literally,2
##tiv,2
prof,2
actual,2
##hya,2
dealing,2
reasonable,2
gs,2
kappa,2
piss,2
receipts,2
guessing,2
royal,2
sticky,2
##ford,2
##fc,2
indicate,2
lay,2
repeat,2
calculation,2
clothes,2
lush,2
greatest,2
courage,2
bear,2
defeat,2
fucked,2
beauty,2
natal,2
ball,2
moving,2
spin,2
sunlight,2
##ating,2
jogging,2
shelf,2
bone,2
steve,2
epsilon,2
mesa,2
##ges,2
massive,2
abs,2
forms,2
polo,2
academic,2
convinced,2
##med,2
coast,2
suppose,2
explicit,2
##a1,2
clearly,2
gain,2
realise,2
##ool,2
##ths,2
##lik,2
##kam,2
##hop,2
managed,2
capital,2
acted,2
##itha,2
##aka,2
##sam,2
loyal,2
et,2
##tan,2
print,2
outs,2
##key,2
error,2
##app,2
minor,2
##bin,2
denis,2
miserable,2
celebration,2
##buck,2
910,2
infections,2
##ven,2
henry,2
parent,2
##ional,2
##ville,2
select,2
dining,2
donate,2
##vik,2
13,2
##oned,2
natalie,2
165,2
##ass,2
##eva,2
##ik,2
garden,2
bulbs,2
seeds,2
scots,2
leg,2
##enter,2
##itis,2
replace,2
reduce,2
limiting,2
illness,2
177,2
##ud,2
favorite,2
pride,2
respectful,2
amused,2
##izes,2
mega,2
island,2
¡,2
spider,2
##rong,1
amore,1
aids,1
patent,1
cried,1
granted,1
##jk,1
##gc,1
macedonia,1
##º,1
forced,1
packing,1
vaguely,1
apologetic,1
fallen,1
badly,1
faint,1
##work,1
watts,1
arabian,1
endowed,1
##mun,1
stubborn,1
smarter,1
crashing,1
##dation,1
offered,1
##ssing,1
jersey,1
devils,1
wings,1
incorrect,1
##uti,1
##hwa,1
seekers,1
barbie,1
ken,1
performed,1
peoples,1
operate,1
factory,1
casualty,1
includes,1
##sser,1
beforehand,1
memorable,1
##craft,1
server,1
##ump,1
lying,1
plural,1
formal,1
ratio,1
apples,1
pairs,1
mala,1
##rky,1
sao,1
involve,1
imposed,1
gravel,1
sv,1
##ver,1
typical,1
chores,1
exist,1
hail,1
mist,1
##oor,1
##ight,1
envy,1
excited,1
32,1
cultures,1
##under,1
##ding,1
bridge,1
axis,1
surname,1
clue,1
begins,1
lifted,1
approaches,1
finding,1
30th,1
##uni,1
league,1
stool,1
##jon,1
##tet,1
alter,1
prediction,1
##band,1
disk,1
scenery,1
ari,1
##ama,1
mud,1
strict,1
gandhi,1
##puram,1
rubber,1
thirty,1
##ei,1
hearing,1
pleas,1
bai,1
watches,1
ups,1
##ays,1
bribe,1
##post,1
luton,1
narcotics,1
objection,1
mack,1
theater,1
celebrations,1
##dev,1
##nath,1
##ka,1
##ksha,1
appropriate,1
diesel,1
fridge,1
##md,1
aberdeen,1
united,1
kingdom,1
winners,1
guild,1
eva,1
##ated,1
stealing,1
employer,1
hiding,1
prestige,1
jeremiah,1
iphone,1
##hit,1
safely,1
tata,1
andrews,1
dawn,1
##resh,1
regal,1
uniform,1
lindsay,1
bars,1
heron,1
taught,1
repairs,1
wallet,1
owl,1
performance,1
calculated,1
visitor,1
281,1
ea,1
disastrous,1
wendy,1
sentiment,1
attitude,1
attractive,1
##ination,1
hillsborough,1
monk,1
##ees,1
##ople,1
##around,1
sausage,1
##lim,1
exercise,1
concentration,1
hank,1
detail,1
optimistic,1
consistently,1
##actic,1
links,1
ears,1
heal,1
91,1
oral,1
slippery,1
bike,1
enters,1
##won,1
thug,1
falcon,1
faded,1
glory,1
ralph,1
reunion,1
##ure,1
jackson,1
##ero,1
##logist,1
##ln,1
##shore,1
significance,1
bolt,1
toxic,1
topped,1
bubble,1
problematic,1
adults,1
abnormal,1
417,1
leads,1
buttons,1
applause,1
famous,1
##ditional,1
temper,1
bash,1
coop,1
invitation,1
sink,1
paces,1
cage,1
surrounded,1
##icient,1
acknowledge,1
##nding,1
oath,1
magic,1
silly,1
causes,1
mutations,1
suns,1
##creen,1
bao,1
##dad,1
##nish,1
ridden,1
missy,1
arguing,1
##fort,1
bites,1
jj,1
tendencies,1
##any,1
prix,1
stands,1
blast,1
occur,1
##nik,1
ocean,1
clubs,1
##ouk,1
roses,1
dependent,1
hundreds,1
beau,1
##ties,1
friendships,1
dismay,1
concerned,1
seventeen,1
ml,1
brave,1
triumph,1
uncomfortable,1
##eti,1
rough,1
cloud,1
wikipedia,1
positions,1
kam,1
sutra,1
##kra,1
##hers,1
##poo,1
scrap,1
crying,1
##rta,1
##thal,1
engaged,1
1680,1
1843,1
entrepreneurs,1
corporation,1
prevent,1
fluids,1
trek,1
##rri,1
gage,1
##dates,1
newsletter,1
##storm,1
attributed,1
spec,1
minds,1
jelly,1
##rum,1
##ious,1
##8th,1
visiting,1
stewart,1
##ject,1
##rip,1
steak,1
neglect,1
prayers,1
hadn,1
clocks,1
realised,1
gaze,1
tattoos,1
##brate,1
hung,1
closing,1
m3,1
##yp,1
faber,1
dramatic,1
hunting,1
##ard,1
trash,1
punish,1
spelling,1
tune,1
sounding,1
weighed,1
999,1
14th,1
avail,1
##ead,1
costumes,1
##wife,1
##bid,1
simon,1
##rew,1
##ards,1
notification,1
##hine,1
##ser,1
##vic,1
bits,1
turned,1
burial,1
comprehensive,1
##hett,1
samantha,1
guitar,1
impress,1
doug,1
realizes,1
trauma,1
swear,1
inner,1
##gre,1
overdose,1
ana,1
corvette,1
bunker,1
trial,1
##ney,1
philosophical,1
hole,1
shakespeare,1
doi,1
stud,1
mike,1
##sse,1
##ord,1
cutter,1
ie,1
thus,1
grateful,1
happier,1
agents,1
experiment,1
##ices,1
smell,1
tobacco,1
assumed,1
marley,1
##bert,1
strokes,1
##mark,1
grin,1
##ule,1
##dge,1
za,1
##lar,1
rounds,1
blogs,1
slices,1
kv,1
alternative,1
shoulders,1
matthew,1
stuffed,1
writhing,1
##ila,1
pockets,1
folks,1
blown,1
secondary,1
applying,1
lodging,1
stories,1
retired,1
##west,1
chad,1
gymnastics,1
christians,1
token,1
liking,1
##itude,1
horse,1
wrongly,1
hesitate,1
weakness,1
notebook,1
carp,1
##ark,1
irene,1
38,1
relaxing,1
stripes,1
skirt,1
##cala,1
beth,1
charlie,1
##onic,1
##hd,1
##set,1
##rika,1
##tur,1
##pala,1
##yam,1
##jal,1
##ode,1
hero,1
supreme,1
##hta,1
##may,1
##kr,1
glorious,1
finds,1
coa,1
##xing,1
images,1
##uven,1
##iers,1
##uga,1
scratches,1
hardest,1
millions,1
##dog,1
blankets,1
data,1
analysis,1
##iger,1
les,1
ink,1
51,1
throwing,1
nurses,1
##hi,1
##rte,1
icc,1
##rch,1
copies,1
sculpture,1
attraction,1
praises,1
samba,1
needle,1
cone,1
##cted,1
spat,1
##ula,1
complex,1
##ities,1
freely,1
taxes,1
outrageous,1
ryder,1
elvis,1
presley,1
strips,1
postal,1
gifts,1
cliff,1
drops,1
hen,1
smoked,1
convenience,1
evaluation,1
swap,1
chatter,1
throws,1
brothers,1
errors,1
tau,1
pia,1
shade,1
copied,1
notified,1
marketing,1
sexual,1
theirs,1
kaitlyn,1
danger,1
comment,1
neighbors,1
balloon,1
melody,1
##cher,1
breaking,1
##tore,1
lodge,1
worrying,1
##zes,1
arguments,1
personally,1
organise,1
phd,1
##akes,1
aging,1
products,1
global,1
submit,1
snatch,1
##his,1
^,1
drum,1
bas,1
##nh,1
##ite,1
relieved,1
weston,1
##zo,1
##yla,1
##ink,1
glass,1
exhibition,1
nino,1
himself,1
##tem,1
##music,1
insects,1
mole,1
##sted,1
plumbing,1
remixed,1
evil,1
acid,1
belle,1
##lier,1
stalk,1
profiles,1
95,1
deposit,1
disappeared,1
certificate,1
publish,1
##lock,1
destination,1
fifty,1
settling,1
worthless,1
novelty,1
designation,1
developer,1
spirit,1
shattered,1
darker,1
styling,1
gray,1
minus,1
paragraph,1
##sai,1
bathroom,1
sang,1
uptown,1
syria,1
gauge,1
completing,1
ax,1
surgical,1
emergency,1
##fold,1
korean,1
frederick,1
##sburg,1
pas,1
compass,1
gnu,1
convince,1
buyer,1
##cz,1
avoids,1
suffer,1
steamboat,1
forgive,1
types,1
hua,1
appear,1
paths,1
reserve,1
##ir,1
##une,1
##lva,1
tackle,1
tong,1
pile,1
nz,1
aus,1
papa,1
detailed,1
losers,1
beta,1
##itt,1
##nick,1
##ering,1
chords,1
##vi,1
spreads,1
determine,1
entire,1
dart,1
##board,1
doubles,1
##bles,1
wished,1
##pid,1
duo,1
breeze,1
twitter,1
duck,1
##llas,1
function,1
flying,1
bbc,1
charts,1
summers,1
matched,1
spy,1
offering,1
inn,1
##hae,1
prone,1
llc,1
usa,1
dose,1
tablet,1
maps,1
concentrating,1
compulsory,1
investigate,1
vitamin,1
crucial,1
##channel,1
leadership,1
skills,1
psychic,1
host,1
based,1
linux,1
systems,1
convert,1
lean,1
disc,1
glasgow,1
install,1
artists,1
core,1
employee,1
nike,1
shouting,1
earliest,1
nord,1
##strom,1
conference,1
degree,1
bleak,1
nearer,1
raid,1
pierre,1
establish,1
##uro,1
cloth,1
image,1
##amp,1
reacting,1
freaked,1
satan,1
##ost,1
destiny,1
companion,1
chef,1
listener,1
organizer,1
sympathetic,1
athletic,1
courageous,1
determined,1
depend,1
psychologist,1
pest,1
##mina,1
psychiatrist,1
healer,1
##dun,1
jules,1
leonardo,1
strain,1
withdraw,1
##how,1
miller,1
spark,1
raw,1
crush,1
honeymoon,1
outfit,1
olympics,1
leo,1
haul,1
wildlife,1
##els,1
##zzle,1
shanghai,1
64,1
##nx,1
talents,1
animal,1
shiny,1
warming,1
french,1
fooled,1
companies,1
responsible,1
suppliers,1
guarantee,1
keen,1
dammit,1
wright,1
somewhat,1
laden,1
wrecked,1
spontaneously,1
##eve,1
##ning,1
##gent,1
daytime,1
bust,1
##dies,1
##asi,1
fourth,1
dimension,1
meaningful,1
a2,1
39,1
unspoken,1
squat,1
digits,1
rap,1
embarrassed,1
##ida,1
##anda,1
classmates,1
fires,1
missionary,1
entertaining,1
hugh,1
laurie,1
spain,1
diner,1
##pes,1
complaining,1
mandy,1
sullivan,1
transferred,1
finn,1
##usa,1
##tions,1
##hing,1
inspection,1
nursery,1
##ren,1
par,1
##ners,1
##anus,1
needing,1
##bba,1
dil,1
mentioned,1
textbook,1
algorithms,1
edition,1
intend,1
##was,1
marine,1
learned,1
iraq,1
afghanistan,1
stable,1
honest,1
traveling,1
122,1
parts,1
walsall,1
terry,1
##rek,1
fellow,1
dying,1
lifting,1
teresa,1
dec,1
aid,1
hottest,1
prominent,1
cheek,1
september,1
hack,1
##door,1
fraction,1
neo,1
802,1
##down,1
mural,1
sts,1
mia,1
elliot,1
kissing,1
##ric,1
650,1
payments,1
reception,1
consensus,1
entertain,1
tag,1
strewn,1
pillows,1
weaknesses,1
knee,1
expose,1
pulls,1
wicked,1
supports,1
shell,1
unhappy,1
lark,1
extreme,1
sic,1
##ones,1
wild,1
lim,1
parachute,1
placed,1
lambda,1
angels,1
duff,1
pharmacy,1
##hong,1
qing,1
hyper,1
##tension,1
vp,1
scratching,1
priority,1
ecstasy,1
minded,1
##bb,1
reflex,1
mary,1
asshole,1
grab,1
sliding,1
feather,1
bow,1
##fra,1
2006,1
fifa,1
related,1
length,1
dane,1
basket,1
##ising,1
curt,1
##sey,1
##een,1
rise,1
preschool,1
##dina,1
##ood,1
memory,1
converted,1
african,1
soil,1
roles,1
outreach,1
##lb,1
intention,1
visitors,1
rules,1
bend,1
preview,1
##bri,1
##urai,1
mar,1
kitty,1
shaved,1
##ammed,1
##etti,1
apologize,1
pei,1
cereal,1
##bing,1
shadow,1
##stick,1
purple,1
arranging,1
eldest,1
##hey,1
##dam,1
stressed,1
provider,1
dice,1
au,1
simulate,1
readiness,1
lara,1
supplies,1
attach,1
wash,1
##bbing,1
platt,1
province,1
sterling,1
hesitation,1
##itan,1
rejected,1
noisy,1
manual,1
reset,1
troubles,1
##hoot,1
mars,1
##ute,1
strongly,1
creativity,1
stifled,1
requirements,1
buffy,1
##lynn,1
occupied,1
documents,1
submitted,1
##apa,1
hills,1
honesty,1
labor,1
##kara,1
dent,1
##tma,1
##nee,1
##gno,1
##cd,1
popping,1
##fen,1
chinatown,1
por,1
##ridge,1
clay,1
##head,1
nearby,1
cliffs,1
49,1
bundle,1
deals,1
##ua,1
##ection,1
ter,1
ruth,1
##imate,1
##ural,1
##gos,1
burn,1
progress,1
weren,1
##lage,1
##iki,1
cart,1
shelves,1
mirror,1
##ris,1
##gin,1
intentions,1
accord,1
knocking,1
como,1
listened,1
plaid,1
hilarious,1
abel,1
##hear,1
nelson,1
newspapers,1
##eles,1
##mers,1
passion,1
raised,1
doctors,1
reminds,1
##rit,1
dust,1
meaningless,1
##dget,1
jones,1
##ype,1
studio,1
marking,1
arrow,1
blanket,1
td,1
##lette,1
##dai,1
dozens,1
significant,1
hum,1
stalking,1
reminded,1
anand,1
beach,1
expected,1
tod,1
##hill,1
##take,1
##og,1
##tori,1
financial,1
##sible,1
century,1
sorts,1
restrictions,1
owned,1
##bat,1
stream,1
categories,1
ethnicity,1
census,1
cakes,1
draws,1
##ual,1
cheered,1
##yx,1
gained,1
pressure,1
limits,1
laying,1
nes,1
##ys,1
##ong,1
dialogue,1
wipe,1
pose,1
comb,1
computational,1
disturbance,1
hitter,1
##sus,1
directors,1
deposited,1
projects,1
blocked,1
corrupt,1
pad,1
torre,1
particularly,1
slowing,1
commit,1
##io,1
paranoid,1
sheet,1
complain,1
##gan,1
dessert,1
abe,1
sponsors,1
poet,1
imagination,1
rr,1
##mus,1
locks,1
easiest,1
barcelona,1
spp,1
complementary,1
jungle,1
##iz,1
appointments,1
excused,1
drama,1
struggling,1
ego,1
necessity,1
##pur,1
##cus,1
##sions,1
hc,1
requires,1
##hon,1
##lian,1
##wi,1
afford,1
arrival,1
##link,1
pleasant,1
statements,1
splendid,1
##placed,1
computers,1
begun,1
registration,1
permanent,1
residency,1
risks,1
predicting,1
accumulation,1
programs,1
belongs,1
fated,1
##ran,1
fuel,1
##led,1
concern,1
prior,1
grief,1
honestly,1
promptly,1
burnt,1
connected,1
someplace,1
goods,1
ultimately,1
motive,1
achieve,1
dock,1
rolled,1
newscast,1
##bble,1
flute,1
##word,1
##4th,1
october,1
safety,1
aspects,1
ours,1
flow,1
developed,1
##var,1
##ian,1
shrink,1
grams,1
ibm,1
##ose,1
rim,1
ares,1
##ura,1
squid,1
dos,1
##books,1
##oth,1
luckily,1
starring,1
smoothly,1
challenging,1
breakfast,1
above,1
lacking,1
particular,1
dramas,1
##torm,1
##feit,1
dig,1
coup,1
prasad,1
kochi,1
##ear,1
technologies,1
argentina,1
shaking,1
scar,1
##cas,1
impressive,1
sensible,1
ft,1
combination,1
needy,1
jorge,1
mod,1
frost,1
fans,1
10th,1
themed,1
pump,1
signal,1
unusual,1
palm,1
printing,1
handing,1
stated,1
perpetual,1
dd,1
flung,1
brains,1
missions,1
crashed,1
##ddled,1
prices,1
ringing,1
brat,1
pulling,1
netflix,1
clash,1
oscar,1
impressed,1
stadium,1
large,1
coca,1
teenager,1
replacing,1
##sch,1
arrived,1
##hen,1
conclusion,1
references,1
instant,1
9th,1
rugby,1
##dav,1
##wig,1
courtroom,1
showers,1
poured,1
golden,1
lasting,1
finest,1
ymca,1
wei,1
flowers,1
505,1
rom,1
##cap,1
presence,1
outgoing,1
cough,1
##oja,1
sweat,1
ambitious,1
##sed,1
avenge,1
choices,1
toss,1
##cin,1
explicitly,1
nora,1
##ify,1
vs,1
cedar,1
durham,1
reserved,1
sf,1
printer,1
##rooms,1
shaping,1
attending,1
pd,1
##gur,1
anal,1
pear,1
such,1
##pi,1
mint,1
humans,1
liquor,1
lok,1
730,1
lined,1
laughs,1
fireplace,1
icon,1
fifth,1
##zle,1
machines,1
ignorant,1
fletcher,1
bowls,1
cozy,1
##bra,1
shake,1
trends,1
description,1
nuclear,1
fusion,1
jet,1
nowhere,1
slower,1
mania,1
sap,1
##hane,1
swell,1
##llo,1
ingredients,1
giggle,1
possibly,1
professional,1
tiger,1
woods,1
grind,1
buyers,1
figuring,1
entirely,1
disconnected,1
matters,1
##camp,1
riley,1
ling,1
approaching,1
##rant,1
republic,1
fools,1
independence,1
teachers,1
festival,1
mornings,1
afternoons,1
##some,1
##sen,1
##lessness,1
initiate,1
wasting,1
portal,1
lennon,1
bothering,1
fox,1
##ship,1
summon,1
appendix,1
smiled,1
##page,1
##etta,1
participate,1
abroad,1
agent,1
steal,1
isaiah,1
expert,1
importantly,1
tightly,1
yen,1
##org,1
##mann,1
lord,1
rings,1
soundtrack,1
##rate,1
sg,1
##hc,1
emigrated,1
hopeful,1
winters,1
victor,1
jp,1
priest,1
reserves,1
##rud,1
announced,1
phil,1
neville,1
abbey,1
returning,1
pun,1
classic,1
sacked,1
clip,1
35,1
barred,1
dung,1
##ere,1
punch,1
##ned,1
##tai,1
##hini,1
tha,1
messed,1
##gra,1
u2,1
##bor,1
##den,1
ui,1
tagged,1
hd,1
cas,1
opened,1
describe,1
reform,1
##bers,1
appeal,1
thriller,1
director,1
elephant,1
shove,1
um,1
deserve,1
neighbor,1
##pas,1
poking,1
##cco,1
##oning,1
##quay,1
windy,1
dusk,1
puzzles,1
stairs,1
recycling,1
earning,1
toledo,1
feng,1
reservations,1
swim,1
##suit,1
volcanoes,1
##upt,1
arise,1
hurricanes,1
disasters,1
lighter,1
las,1
ravi,1
peripheral,1
##haya,1
##nda,1
##oco,1
musical,1
plate,1
##overs,1
starving,1
fatty,1
##rith,1
owe,1
armenia,1
330,1
112,1
justify,1
hunt,1
adrian,1
##tian,1
mere,1
##mber,1
##ther,1
##dale,1
##bek,1
baja,1
##aba,1
maru,1
##vana,1
##put,1
##chan,1
rama,1
maha,1
jana,1
##att,1
kali,1
mare,1
ind,1
dodd,1
##gle,1
##just,1
talked,1
op,1
craving,1
##pose,1
spaces,1
embassy,1
lightly,1
batsman,1
##feng,1
doll,1
vehicle,1
##iya,1
##oll,1
postponed,1
stocked,1
##non,1
interviews,1
##izing,1
opposed,1
somerset,1
overtime,1
##gp,1
dismiss,1
screw,1
bull,1
floating,1
arithmetic,1
percentage,1
##ax,1
##cial,1
monster,1
obey,1
600,1
68,1
fin,1
promised,1
helpful,1
pretend,1
hypothetical,1
##gau,1
##uh,1
occasion,1
celebrated,1
reflection,1
values,1
traditions,1
##taking,1
level,1
gate,1
linger,1
##idal,1
pet,1
##tic,1
##oat,1
board,1
##hea,1
western,1
##iq,1
##uating,1
lax,1
##ino,1
##icated,1
##bling,1
##pic,1
##lis,1
##inga,1
opted,1
master,1
##ias,1
##tering,1
##lika,1
##dal,1
##xi,1
##gating,1
##cious,1
jun,1
nik,1
##iy,1
divert,1
wade,1
##bridge,1
seeking,1
resolution,1
frank,1
charming,1
served,1
dorothy,1
##efe,1
alla,1
fundamental,1
whoever,1
pixels,1
##tical,1
##git,1
doom,1
burgundy,1
profile,1
bp,1
##vered,1
regretted,1
spouse,1
scenario,1
spun,1
##wen,1
##mc,1
##lou,1
##bham,1
pounded,1
broadband,1
installation,1
tensed,1
coughing,1
warned,1
sprint,1
##wer,1
morrow,1
##lth,1
##ista,1
90,1
wire,1
##bari,1
##person,1
flea,1
highest,1
maximum,1
lesser,1
known,1
facts,1
arises,1
##hos,1
##res,1
passport,1
independently,1
showed,1
twins,1
equally,1
uneven,1
##sky,1
cyclists,1
adi,1
##tum,1
hire,1
230,1
cp,1
##ages,1
conserve,1
voted,1
bare,1
gong,1
basketball,1
outdoors,1
listed,1
apology,1
##stle,1
forth,1
harlem,1
workout,1
zac,1
versus,1
skate,1
thrown,1
winds,1
bandages,1
html,1
##ctic,1
##mma,1
dogs,1
virtual,1
pants,1
lanka,1
merely,1
relationship,1
smack,1
attracts,1
promotion,1
lancaster,1
advising,1
lobby,1
showered,1
##bly,1
catches,1
specify,1
domain,1
bari,1
pat,1
##bro,1
jump,1
hoop,1
##ifying,1
associate,1
rip,1
ut,1
##erus,1
wilde,1
sources,1
##iness,1
nec,1
##leg,1
functions,1
events,1
irritated,1
raja,1
burr,1
stitch,1
146,1
sync,1
shang,1
##ela,1
passes,1
gloucester,1
forgiveness,1
fruit,1
##lco,1
##rman,1
sack,1
physics,1
delicious,1
salad,1
beers,1
whore,1
twin,1
##all,1
skins,1
jock,1
flood,1
beads,1
##list,1
section,1
sold,1
creative,1
##ii,1
restrict,1
74,1
greece,1
recorded,1
someday,1
grandfather,1
november,1
##max,1
##ou,1
bunch,1
purchases,1
author,1
##rda,1
chile,1
##lett,1
steering,1
sleeps,1
required,1
lamb,1
##lor,1
zoom,1
##nc,1
1b,1
##ece,1
jul,1
##af,1
pure,1
hearted,1
enemies,1
smiley,1
theoretically,1
hooked,1
formally,1
multimedia,1
vague,1
accounting,1
delayed,1
housing,1
agency,1
presents,1
nicky,1
gum,1
alto,1
sized,1
springs,1
cab,1
steps,1
limited,1
##dia,1
proper,1
tongue,1
shorts,1
qi,1
suddenly,1
flu,1
##rries,1
##tton,1
##tch,1
##good,1
##eb,1
##urn,1
perform,1
cards,1
cable,1
guo,1
##yang,1
##hul,1
deng,1
##elo,1
##lay,1
##ence,1
contention,1
##nar,1
bark,1
border,1
possibility,1
groove,1
secured,1
##cured,1
195,1
lan,1
3000,1
degrees,1
dodge,1
##sho,1
rebel,1
nationwide,1
newport,1
##zza,1
##mates,1
continent,1
emerging,1
##ede,1
hesitant,1
nose,1
essay,1
tram,1
vic,1
coherent,1
triple,1
echo,1
gran,1
southern,1
balls,1
##dara,1
##shu,1
panties,1
cia,1
impression,1
darkness,1
uttered,1
trusting,1
esa,1
accessible,1
139,1
occurs,1
##uta,1
coco,1
sporadic,1
##ally,1
tbs,1
kat,1
manchester,1
burden,1
##ans,1
harder,1
##bm,1
sickness,1
villa,1
smash,1
religious,1
heroes,1
tips,1
##mad,1
penny,1
load,1
##ced,1
elaborate,1
##power,1
absence,1
»,1
##than,1
gig,1
##group,1
ash,1
skinny,1
casting,1
elections,1
116,1
##lda,1
camp,1
##rca,1
serena,1
prescribed,1
##balls,1
approve,1
##jan,1
##uary,1
fortune,1
outsider,1
98,1
familiar,1
depression,1
simpsons,1
band,1
amanda,1
regard,1
renew,1
upgrading,1
subject,1
puts,1
perspective,1
debating,1
##tl,1
florida,1
hidden,1
teams,1
general,1
jett,1
replies,1
enjoying,1
meals,1
attended,1
##iction,1
spiral,1
michael,1
rid,1
suffers,1
rag,1
##lan,1
edward,1
cricket,1
skye,1
hut,1
drastic,1
375,1
garments,1
arab,1
##lion,1
porte,1
m1,1
##scu,1
careless,1
freaking,1
myspace,1
logged,1
method,1
jewelry,1
breaker,1
deluxe,1
features,1
graphics,1
##del,1
##ux,1
##mbling,1
weekdays,1
nails,1
asia,1
stil,1
430,1
asthma,1
attack,1
million,1
saves,1
audi,1
relocate,1
##cked,1
##ison,1
spelled,1
caps,1
bullshit,1
strip,1
101,1
##zone,1
anonymous,1
masked,1
woodland,1
avenue,1
parish,1
magazine,1
billy,1
useless,1
swollen,1
glands,1
stu,1
hates,1
view,1
dual,1
hostile,1
bree,1
1a,1
##lem,1
##cup,1
litres,1
diseases,1
lavender,1
travelling,1
recreation,1
judgement,1
fridays,1
bot,1
notes,1
eventually,1
tolerance,1
hits,1
##gor,1
##ward,1
emily,1
emotion,1
##wise,1
sand,1
##nte,1
hugging,1
sweater,1
mango,1
involved,1
landmark,1
bob,1
barry,1
consent,1
renewed,1
billing,1
mathews,1
edwards,1
anderson,1
haunt,1
promoting,1
crowd,1
##abe,1
ignoring,1
saga,1
##mu,1
lau,1
##tech,1
vital,1
completes,1
education,1
zealand,1
browser,1
surf,1
subscribers,1
conversations,1
senses,1
##sis,1
internal,1
extract,1
skin,1
##cie,1
##vies,1
frequently,1
cupboard,1
route,1
floppy,1
risk,1
grasp,1
flavour,1
##rea,1
denying,1
dom,1
##land,1
oblivious,1
##quest,1
tiny,1
archive,1
mg,1
lengths,1
behalf,1
stunning,1
visa,1
##zi,1
##can,1
efficient,1
##chu,1
invention,1
lyrics,1
##gni,1
##mon,1
val,1
##uing,1
##tly,1
kin,1
opponent,1
##ort,1
fried,1
warwick,1
canceled,1
tops,1
parade,1
##corp,1
posting,1
##umble,1
linear,1
algebra,1
decor,1
graduated,1
adjustable,1
cooperative,1
allows,1
nottingham,1
63,1
guessed,1
strings,1
##ea,1
73,1
beside,1
brisk,1
walks,1
contribute,1
greatly,1
coach,1
smells,1
du,1
24th,1
beverage,1
surrender,1
symptoms,1
backwards,1
abstract,1
africa,1
421,1
118,1
##pop,1
portions,1
rows,1
engagement,1
nj,1
sud,1
chapter,1
chop,1
fir,1
split,1
##oli,1
##tus,1
##real,1
oxygen,1
resort,1
roller,1
recorder,1
##name,1
australia,1
upon,1
ceiling,1
##ulin,1
nee,1
##nna,1
##anu,1
##ham,1
blowing,1
firm,1
ripped,1
##pad,1
decades,1
gov,1
expects,1
spice,1
contains,1
genus,1
robinson,1
##ein,1
chloe,1
130,1
##iver,1
255,1
128,1
whispers,1
healthy,1
##bold,1
scraped,1
barrel,1
sections,1
clearer,1
peach,1
golf,1
rocking,1
ashes,1
##tta,1
offense,1
vin,1
realising,1
hides,1
secrets,1
axel,1
eyed,1
canteen,1
adds,1
continued,1
president,1
‰,1
180,1
providing,1
assistance,1
117,1
built,1
memories,1
opposite,1
heavily,1
dolls,1
patrick,1
quarter,1
fired,1
limp,1
poorly,1
punishment,1
kill,1
situations,1
##osing,1
smaller,1
capacity,1
admission,1
chess,1
persian,1
phrase,1
rats,1
themes,1
increase,1
north,1
carolina,1
texas,1
bomb,1
breathing,1
powerful,1
weapon,1
lit,1
couch,1
terror,1
cruel,1
decent,1
joker,1
dip,1
lyrical,1
##lad,1
##ross,1
characters,1
differences,1
lists,1
##biotic,1
abdomen,1
##yna,1
exposed,1
device,1
beating,1
uses,1
gut,1
##ching,1
##tten,1
fold,1
colin,1
farrell,1
##ih,1
##ull,1
nhs,1
terminated,1
##ience,1
yards,1
berg,1
margin,1
nonetheless,1
##och,1
toad,1
grazed,1
knees,1
deny,1
torture,1
sisters,1
lips,1
##ulation,1
court,1
chapel,1
frontier,1
mountain,1
secure,1
parties,1
trained,1
advisors,1
402,1
stuffing,1
##uch,1
unicef,1
asian,1
disaster,1
fund,1
collapsed,1
jade,1
paul,1
dangerous,1
rushing,1
##ony,1
##lun,1
punt,1
travelled,1
toyota,1
mile,1
landing,1
clover,1
ren,1
##tre,1
mountains,1
##¬,1
puppy,1
noise,1
meg,1
crossing,1
deepest,1
darkest,1
##ient,1
##ense,1
approved,1
##tte,1
peru,1
##mba,1
stage,1
clarify,1
younger,1
liver,1
opener,1
guides,1
watched,1
loneliness,1
##words,1
mumbai,1
##vid,1
155,1
styles,1
##week,1
disagree,1
afterwards,1
ale,1
##mum,1
##nov,1
##backs,1
devi,1
##bit,1
rear,1
dormitory,1
astronomer,1
stare,1
election,1
##ount,1
hitler,1
eleven,1
worms,1
suffering,1
##yse,1
andre,1
virgil,1
exchanged,1
diamond,1
dino,1
##tees,1
panther,1
zebra,1
hood,1
##vision,1
##sling,1
andres,1
##ugh,1
##uj,1
responsibilities,1
vc,1
humanities,1
##urance,1
##lam,1
##cre,1
ile,1
treats,1
##ors,1
##ored,1
adding,1
zero,1
savings,1
##ign,1
perfume,1
pubs,1
frankie,1
benny,1
changing,1
dia,1
owed,1
unlike,1
patients,1
turkey,1
helens,1
princes,1
stability,1
tran,1
##quil,1
vibrant,1
colourful,1
##wl,1
failure,1
failing,1
##lus,1
##amy,1
facilities,1
##rna,1
salt,1
wounds,1
logging,1
geo,1
##mental,1
implications,1
##uck,1
salmon,1
uploaded,1
compensation,1
awkward,1
port,1
docks,1
##world,1
qb,1
assessment,1
##ono,1
##mal,1
dull,1
studies,1
tread,1
craig,1
absolutely,1
lamp,1
##owa,1
genes,1
##uming,1
##acle,1
##drop,1
##ress,1
oyster,1
sash,1
##imi,1
rumbling,1
##ndra,1
correctly,1
heaven,1
aqua,1
##rius,1
wicket,1
resolved,1
hanna,1
wheat,1
costume,1
jerk,1
stink,1
follows,1
subsequent,1
openings,1
astro,1
##logy,1
slack,1
mentor,1
percent,1
erotic,1
##sta,1
dept,1
coincidence,1
sane,1
helping,1
leading,1
151,1
pause,1
squeezed,1
maintaining,1
dread,1
suggestion,1
lands,1
helps,1
aj,1
##ith,1
counts,1
officer,1
##fs,1
carly,1
sep,1
##erated,1
¾,1
prom,1
##eta,1
##zine,1
syrup,1
feed,1
singapore,1
victoria,1
ram,1
fowler,1
flew,1
attention,1
##gate,1
shrub,1
320,1
##mat,1
##dent,1
toilet,1
stolen,1
cops,1
navigate,1
choosing,1
require,1
guidance,1
chick,1
revealing,1
sparkling,1
breaks,1
202,1
org,1
belong,1
treasure,1
positive,1
negative,1
command,1
##lby,1
lecturer,1
repeating,1
motor,1
rhode,1
bon,1
##talk,1
marvel,1
ultimate,1
tamil,1
tip,1
identification,1
limit,1
boundaries,1
endless,1
reassuring,1
young,1
refer,1
sai,1
declare,1
495,1
disappointment,1
irritation,1
tan,1
##trum,1
advent,1
##uring,1
chief,1
266,1
ser,1
bail,1
mouse,1
desk,1
jumper,1
hat,1
belt,1
spiritual,1
barr,1
sudden,1
influx,1
kane,1
units,1
dental,1
nm,1
dump,1
heap,1
lowe,1
salesman,1
pity,1
suggestions,1
